{
  "properties": {
    "connectionReferences": {
      "shared_excelonlinebusiness_1": {
        "runtimeSource": "embedded",
        "connection": {
          "connectionReferenceLogicalName": "kch_sharedexcelonlinebusiness_d1f47"
        },
        "api": {
          "name": "shared_excelonlinebusiness"
        }
      }
    },
    "definition": {
      "$schema": "https://schema.management.azure.com/providers/Microsoft.Logic/schemas/2016-06-01/workflowdefinition.json#",
      "contentVersion": "1.0.0.0",
      "parameters": {
        "$connections": {
          "defaultValue": {},
          "type": "Object"
        },
        "$authentication": {
          "defaultValue": {},
          "type": "SecureObject"
        },
        "BDayCardFilePath (kch_BDayCardFilePath)": {
          "defaultValue": "/8 Projects/17 Credo - AWARATON - B-Day Card/BDayData/BDayData.xlsx",
          "type": "String",
          "metadata": {
            "schemaName": "kch_BDayCardFilePath"
          }
        },
        "BDayCardTable (kch_BDayCardTable)": {
          "defaultValue": "Data",
          "type": "String",
          "metadata": {
            "schemaName": "kch_BDayCardTable"
          }
        }
      },
      "triggers": {
        "Recurrence": {
          "recurrence": {
            "frequency": "Day",
            "interval": 1,
            "startTime": "2023-07-25T03:00:00Z"
          },
          "metadata": {
            "operationMetadataId": "5523310a-4009-4de3-b9f2-05227a12385b"
          },
          "type": "Recurrence"
        }
      },
      "actions": {
        "List_rows_present_in_a_table": {
          "runAfter": {
            "Initialize_variable_-_Today_m-d": [
              "Succeeded"
            ]
          },
          "metadata": {
            "012YZV7GXITWW7SPWVMZDYLQL3GQUMXYT3": "/8 Projects/17 Credo - AWARATON - B-Day Card/BDayData/BDayData.xlsx",
            "operationMetadataId": "a363bc73-6a88-4e86-a0ee-453133252440",
            "tableId": "{17F6B987-E01B-4CF8-8DEE-3C8A3451A257}"
          },
          "type": "OpenApiConnection",
          "inputs": {
            "host": {
              "connectionName": "shared_excelonlinebusiness_1",
              "operationId": "GetItems",
              "apiId": "/providers/Microsoft.PowerApps/apis/shared_excelonlinebusiness"
            },
            "parameters": {
              "source": "me",
              "drive": "b!cn4Vw3iKBUWe2A3uEP7wLjYo8lPMUexMgRsJ7k_U3M0EXbGN3xSaQrLlPZE1h-LU",
              "file": "@parameters('BDayCardFilePath (kch_BDayCardFilePath)')",
              "table": "@parameters('BDayCardTable (kch_BDayCardTable)')",
              "$filter": "Bday eq '@{variables('today')}'"
            },
            "authentication": "@parameters('$authentication')"
          }
        },
        "Initialize_variable_-_Today_date": {
          "runAfter": {},
          "metadata": {
            "operationMetadataId": "5310605c-3dc7-4479-9e4d-7b355f0224b6"
          },
          "type": "InitializeVariable",
          "inputs": {
            "variables": [
              {
                "name": "date",
                "type": "integer",
                "value": "@dayOfMonth(utcNow())"
              }
            ]
          }
        },
        "Initialize_variable_-_Today_month": {
          "runAfter": {
            "Initialize_variable_-_Today_date": [
              "Succeeded"
            ]
          },
          "metadata": {
            "operationMetadataId": "f31caff4-7088-4c75-ac9a-358f2019be4a"
          },
          "type": "InitializeVariable",
          "inputs": {
            "variables": [
              {
                "name": "month",
                "type": "integer",
                "value": "@int(formatDateTime(utcNow(), 'MM'))"
              }
            ]
          }
        },
        "Initialize_variable_-_Today_m-d": {
          "runAfter": {
            "Initialize_variable_-_Today_month": [
              "Succeeded"
            ]
          },
          "metadata": {
            "operationMetadataId": "f113b9ac-eda1-41d5-bd21-af322534a07d"
          },
          "type": "InitializeVariable",
          "inputs": {
            "variables": [
              {
                "name": "today",
                "type": "string",
                "value": "@{concat(int(formatDateTime(utcNow(), 'MM')),'-',dayOfMonth(utcNow()))}"
              }
            ]
          }
        },
        "Apply_to_each": {
          "foreach": "@outputs('List_rows_present_in_a_table')?['body/value']",
          "actions": {
            "Run_a_Child_Flow": {
              "runAfter": {},
              "metadata": {
                "operationMetadataId": "d3278be9-94ad-4c69-a7ad-26f5c05a0cc7"
              },
              "type": "Workflow",
              "inputs": {
                "host": {
                  "workflowReferenceName": "3fbb38ad-cb2a-ee11-bdf5-0022487fed26"
                },
                "body": {
                  "text": "@items('Apply_to_each')?['Title']",
                  "text_1": "@items('Apply_to_each')?['Email']"
                }
              }
            }
          },
          "runAfter": {
            "List_rows_present_in_a_table": [
              "Succeeded"
            ]
          },
          "metadata": {
            "operationMetadataId": "f8b345c6-5179-42cc-8c9d-6732a569f7c9"
          },
          "type": "Foreach"
        }
      }
    },
    "templateName": ""
  },
  "schemaVersion": "1.0.0.0"
}