{
  "properties": {
    "connectionReferences": {
      "shared_azureblob_1": {
        "runtimeSource": "embedded",
        "connection": {
          "connectionReferenceLogicalName": "kch_sharedazureblob_a79fa"
        },
        "api": {
          "name": "shared_azureblob"
        }
      },
      "shared_teams_1": {
        "runtimeSource": "embedded",
        "connection": {
          "connectionReferenceLogicalName": "kch_sharedteams_5b1c9"
        },
        "api": {
          "name": "shared_teams"
        }
      }
    },
    "definition": {
      "$schema": "https://schema.management.azure.com/providers/Microsoft.Logic/schemas/2016-06-01/workflowdefinition.json#",
      "contentVersion": "1.0.0.0",
      "parameters": {
        "$connections": {
          "defaultValue": {},
          "type": "Object"
        },
        "$authentication": {
          "defaultValue": {},
          "type": "SecureObject"
        },
        "BDayCardStorageName (kch_BDayCardStorageName)": {
          "defaultValue": "kchbdaycards",
          "type": "String",
          "metadata": {
            "schemaName": "kch_BDayCardStorageName"
          }
        },
        "BDayCardSAStoken (kch_BDayCardSAStoken)": {
          "defaultValue": "sp=r&st=2023-07-25T09:05:56Z&se=2023-09-25T17:05:56Z&spr=https&sv=2022-11-02&sr=c&sig=YTeFNEomT9xz%2BHZEXCtXknxpmM9g4%2FGdIn7PGczz%2FUs%3D",
          "type": "String",
          "metadata": {
            "schemaName": "kch_BDayCardSAStoken"
          }
        }
      },
      "triggers": {
        "manual": {
          "metadata": {
            "operationMetadataId": "ddf0edf5-e1b5-4849-95c5-529058dae712"
          },
          "type": "Request",
          "kind": "Button",
          "inputs": {
            "schema": {
              "type": "object",
              "properties": {
                "text": {
                  "title": "name",
                  "type": "string",
                  "x-ms-dynamically-added": true,
                  "description": "Please enter your input",
                  "x-ms-content-hint": "TEXT"
                },
                "text_1": {
                  "title": "email",
                  "type": "string",
                  "x-ms-dynamically-added": true,
                  "description": "Please enter your input",
                  "x-ms-content-hint": "TEXT"
                }
              },
              "required": [
                "text",
                "text_1"
              ]
            }
          }
        }
      },
      "actions": {
        "Lists_blobs_(V2)": {
          "runAfter": {
            "Compose_-_Blob_Storage_link": [
              "Succeeded"
            ]
          },
          "metadata": {
            "JTJmY3JlZG9zYW1wbGVz": "/credosamples",
            "operationMetadataId": "3e741091-74fe-44c5-957d-b217b034a053"
          },
          "type": "OpenApiConnection",
          "inputs": {
            "host": {
              "connectionName": "shared_azureblob_1",
              "operationId": "ListFolder_V4",
              "apiId": "/providers/Microsoft.PowerApps/apis/shared_azureblob"
            },
            "parameters": {
              "dataset": "AccountNameFromSettings",
              "id": "JTJmY3JlZG9zYW1wbGVz",
              "nextPageMarker": "",
              "useFlatListing": false
            },
            "authentication": {
              "type": "Raw",
              "value": "@json(decodeBase64(triggerOutputs().headers['X-MS-APIM-Tokens']))['$ConnectionKey']"
            }
          }
        },
        "Compose_-_Count_blobs": {
          "runAfter": {
            "Lists_blobs_(V2)": [
              "Succeeded"
            ]
          },
          "metadata": {
            "operationMetadataId": "74b0a56b-310f-4068-ad2e-3870ea8cf76c"
          },
          "type": "Compose",
          "inputs": "@length(outputs('Lists_blobs_(V2)')?['body/value'])"
        },
        "Compose_-_Blob_Storage_link": {
          "runAfter": {},
          "metadata": {
            "operationMetadataId": "688403a3-8e08-429c-85d5-f74ef04bce0d"
          },
          "type": "Compose",
          "inputs": "@concat('https://',parameters('BDayCardStorageName (kch_BDayCardStorageName)'),'.blob.core.windows.net')"
        },
        "Scope": {
          "actions": {
            "Compose_-_Generate_random_number": {
              "runAfter": {},
              "metadata": {
                "operationMetadataId": "703af300-55a4-44b0-9510-3f3be825865a"
              },
              "type": "Compose",
              "inputs": "@rand(0,add(outputs('Compose_-_Count_blobs'),-1))"
            },
            "Compose_-_image_for_send": {
              "runAfter": {
                "Compose_-_Generate_random_number": [
                  "Succeeded"
                ]
              },
              "metadata": {
                "operationMetadataId": "04c2f1c9-7c95-4545-96e0-dd925c6a2ce8"
              },
              "type": "Compose",
              "inputs": "@outputs('Lists_blobs_(V2)')?['body/value']?[outputs('Compose_-_Generate_random_number')]"
            },
            "Parse_JSON": {
              "runAfter": {
                "Compose_-_image_for_send": [
                  "Succeeded"
                ]
              },
              "metadata": {
                "operationMetadataId": "9afd780c-cca7-4cdc-95a9-a4602599e3ea"
              },
              "type": "ParseJson",
              "inputs": {
                "content": "@outputs('Compose_-_image_for_send')",
                "schema": {
                  "type": "object",
                  "properties": {
                    "Id": {
                      "type": "string"
                    },
                    "Name": {
                      "type": "string"
                    },
                    "DisplayName": {
                      "type": "string"
                    },
                    "Path": {
                      "type": "string"
                    },
                    "LastModified": {
                      "type": "string"
                    },
                    "Size": {
                      "type": "integer"
                    },
                    "MediaType": {
                      "type": "string"
                    },
                    "IsFolder": {
                      "type": "boolean"
                    },
                    "ETag": {
                      "type": "string"
                    },
                    "FileLocator": {
                      "type": "string"
                    }
                  }
                }
              }
            },
            "Compose_-_link_to_the_image": {
              "runAfter": {
                "Parse_JSON": [
                  "Succeeded"
                ]
              },
              "metadata": {
                "operationMetadataId": "7e67e980-0e85-412f-a652-8e160ea33759"
              },
              "type": "Compose",
              "inputs": "@concat(outputs('Compose_-_Blob_Storage_link'),body('Parse_JSON')?['Path'],'?',parameters('BDayCardSAStoken (kch_BDayCardSAStoken)'))"
            },
            "Post_card_in_a_chat_or_channel": {
              "runAfter": {
                "Compose_-_link_to_the_image": [
                  "Succeeded"
                ]
              },
              "metadata": {
                "operationMetadataId": "e0f6418b-aaa8-414e-b893-43b3c1d08839"
              },
              "type": "OpenApiConnection",
              "inputs": {
                "host": {
                  "connectionName": "shared_teams_1",
                  "operationId": "PostCardToConversation",
                  "apiId": "/providers/Microsoft.PowerApps/apis/shared_teams"
                },
                "parameters": {
                  "poster": "Flow bot",
                  "location": "Chat with Flow bot",
                  "body/recipient": "@{triggerBody()['text_1']};",
                  "body/messageBody": "{\n    \"type\": \"AdaptiveCard\",\n    \"body\": [\n{        \n            \"type\": \"RichTextBlock\",\n            \"inlines\": [\n                {\n                    \"type\": \"TextRun\",\n                    \"text\": \"Dear @{triggerBody()['text']}!\",\n                    \"size\": \"Large\",\n                    \"weight\": \"Bolder\"\n                }\n            ],\n            \"horizontalAlignment\": \"Center\"\n        }, \n{\n            \"type\": \"Image\",   \n           \"url\": \"@{outputs('Compose_-_link_to_the_image')}\",\n\"msTeams\": {\n              \"allowExpand\": true\n            },\n           \"horizontalAlignment\": \"Center\"\n        }\n    ],\n    \"$schema\": \"http://adaptivecards.io/schemas/adaptive-card.json\",\n    \"version\": \"1.2\"\n}"
                },
                "authentication": {
                  "type": "Raw",
                  "value": "@json(decodeBase64(triggerOutputs().headers['X-MS-APIM-Tokens']))['$ConnectionKey']"
                }
              }
            }
          },
          "runAfter": {
            "Compose_-_Count_blobs": [
              "Succeeded"
            ]
          },
          "metadata": {
            "operationMetadataId": "e65cc116-61f6-489c-ac86-a92e2d6a1176"
          },
          "type": "Scope"
        },
        "Respond_to_a_PowerApp_or_flow": {
          "runAfter": {
            "Scope": [
              "Succeeded"
            ]
          },
          "metadata": {
            "operationMetadataId": "1036b746-ef6a-4997-a81a-1d98a51d2994"
          },
          "type": "Response",
          "kind": "PowerApp",
          "inputs": {
            "statusCode": 200,
            "body": {},
            "schema": {
              "type": "object",
              "properties": {}
            }
          }
        }
      }
    },
    "templateName": ""
  },
  "schemaVersion": "1.0.0.0"
}